{
  "data": [
    {
      "name": "Batman",
      "secretIdentity": "Bruce Wayne",
      "city": {
        "name": "Gotham",
        "country": "USA",
        "planet": "Earth"
      },
      "alignment": "good",
      "story": "After losing his parents...",
      "powers": [ "Utility belt", "Intelligence", "Martial arts" ],
      "fractions": [ "Justice League", "The Bat Family" ]
    },
    {
      "name": "Nightwing",
      "secretIdentity": "Dick Grayson",
      "city": {
        "name": "Gotham",
        "country": "USA",
        "planet": "Earth"
      },
      "alignment": "good",
      "story": "Coming from an acrobatic family...",
      "powers": [ "Acrobatics", "Martial arts" ],
      "fractions": [ "The Bat Family" ]
    },
    {
      "name": "Ironman",
      "secretIdentity": "Tonny Stark",
      "city": {
        "name": "New York",
        "country": "USA",
        "planet": "Earth"
      },
      "alignment": "good",
      "story": "Smart",
      "powers": [ "Intelligence", "Big robot suit" ],
      "fractions": [ "Avengers" ]
    },
    {
      "name": "Dr. Stephen Strange",
      "secretIdentity": "Dr. Stephen Strange",
      "city": {
        "name": "New York",
        "country": "USA",
        "planet": "Earth"
      },
      "alignment": "good",
      "story": ".....",
      "powers": [ "Magic", "Dimensional travel", "Martial arts" ],
      "fractions": [ "Avengers", "Illuminati" ]
    },
    {
      "name": "The Joker",
      "secretIdentity": "Unknown",
      "city": {
        "name": "Gotham",
        "country": "USA",
        "planet": "Earth"
      },
      "alignment": "evil",
      "story": "Unknown",
      "powers": [ "Crazy", "Much evil" ],
    },
    {
      "name": "Thanos",
      "secretIdentity": "Thanos",
      "city": {
        "name": "Unknown",
        "country": "Titan",
        "planet": "Saturn"
      },
      "alignment": "evil",
      "story": "Collects the infinity gems and creates the Infinity Gauntlet",
      "powers": [ "Super strength", "Telekinesis", "Telepathy", "Matter manipulation" ]
    },
    {
      "name": "Deadpool",
      "secretIdentity": "Wade Wilson",
      "city": {
        "name": "Detroit",
        "country": "USA",
        "planet": "Earth"
      },
      "alignment": "evil",
      "story": "Collects the infinity gems and creates the Infinity Gauntlet",
      "powers": [ "Martial arts", "Healing" ]
    },
    {
      "name": "Green Lantern",
      "secretIdentity": "Hal Jordan",
      "city": {
        "name": "Unknown",
        "country": "USA",
        "planet": "Earth"
      },
      "alignment": "good",
      "story": "Has a powerful ring",
      "powers": [ "Powerful ring" ],
      "fractions": [ "Justice League", "Green Lantern Corps" ]
    },
    {
      "name": "Kilowog",
      "secretIdentity": "Kilowog",
      "city": {
        "name": "Unknown",
        "country": "Unknown",
        "planet": "Bolovax Vik"
      },
      "alignment": "good",
      "story": "Has a powerful ring",
      "powers": [ "Powerful ring" ],
      "fractions": [ "Green Lantern Corps", "Guardians of the Universe" ]
    },
    {
      "name": "Ultraman",
      "secretIdentity": "Clark Kent (Earth 2)",
      "city": {
        "name": "Centropolis",
        "country": "USA",
        "planet": "Earth 3"
      },
      "alignment": "evil",
      "story": "Very bad guy",
      "powers": [ "Transdimentional vision", "Super strength" ],
      "fractions": [ "Crime Syndicate" ]
    },
    {
      "name": "Wolverine",
      "secretIdentity": "James Howlett",
      "city": {
        "name": "Unknown",
        "country": "Unknown",
        "planet": "Earth"
      },
      "alignment": "good",
      "story": "Powerful mutant with extraordinary healing powers",
      "powers": [ "Mutant", "Metallic skeleton", "Strong", "Has claws", "Healing" ],
      "fractions": [ "X-Men", "Avengers" ]
    },
    {
      "name": "Professor X",
      "secretIdentity": "Charles Francis Xavi",
      "city": {
        "name": "New York",
        "country": "USA",
        "planet": "Earth"
      },
      "alignment": "good",
      "story": "Mutant with powerful telepathic ",
      "powers": [ "Telepathics", "Mutant" ],
      "fractions": [ "X-Men", "Illuminati" ]
    }
  ]
}