{
  "users": [
    {
      "username": "Doncho",
      "password": "1234",
      "usernameToLower": "doncho",
      "id": "73a58989-5107-46e8-b781-4380f6c1c0b1",
      "authKey": "1miUIcFiq4_gueIE6QT5kHYK0woshtAKMGpqAi1H",
      "userMaterials": [
        {
          "id": "dd707118-fbb0-45e7-b95f-c4ee9c90a6c9",
          "title": "book #1",
          "category": "want-to-watch"
        },
        {
          "id": "bde2acbc-0bc2-43d2-a46a-4d3deb0eb7b3",
          "title": "book #2",
          "category": "want-to-watch"
        }
      ]
    },
    {
      "username": "Doncho3",
      "password": "1123123234",
      "usernameToLower": "doncho3",
      "id": "9b7cce23-db27-43ed-9711-02af4d5c69da"
    },
    {
      "username": "johnnybravo",
      "password": "mypass123",
      "usernameToLower": "johnnybravo",
      "id": "eb02cdd1-8df6-4288-9ea6-4de841cc7057"
    },
    {
      "username": "konnyk",
      "password": "1234567",
      "usernameToLower": "konnyk",
      "id": "2caa8881-302c-45e0-a68e-f3f20414b4cc"
    },
    {
      "username": "iamanewuser",
      "password": "666666",
      "usernameToLower": "iamanewuser",
      "id": "26b5d0a5-ce9d-4feb-a884-9557a71a37a9"
    },
    {
      "username": "test123",
      "password": "666666",
      "usernameToLower": "test123",
      "id": "a9120805-6a3b-4adc-b796-f43b81c990bf",
      "authKey": "YYJfOu697)r8@(B(vOOCM3ETONlCG5_U1SZy7VnQ",
      "userMaterials": [
        {
          "id": "bde2acbc-0bc2-43d2-a46a-4d3deb0eb7b3",
          "title": "book #2",
          "category": "watched"
        },
        {
          "id": "856e482c-7572-4ea7-ab9f-9108e61ce1eb",
          "title": "adassadasdsa",
          "category": "watched"
        }
      ]
    },
    {
      "username": "anothertest",
      "password": "666666",
      "usernameToLower": "anothertest",
      "id": "22c9493b-f563-4f95-a0e5-ecf882809df3",
      "authKey": "e45zGf8Z1(fRYuGGa02L!-vMYhzkDE7cNW-_QN!q",
      "userMaterials": [
        {
          "id": "bde2acbc-0bc2-43d2-a46a-4d3deb0eb7b3",
          "title": "book #2",
          "category": "watching"
        }
      ]
    },
    {
      "username": "newtestuser",
      "password": "666666",
      "usernameToLower": "newtestuser",
      "id": "33854f3a-c7f2-47d8-a1a6-a56e53774e86",
      "authKey": "F!jMySZtlCotJ60sjGBKcdPPwcV!6AEVqxoCMAOw"
    },
    {
      "username": "asdasdsa",
      "password": "asdasdasdasdas",
      "usernameToLower": "asdasdsa",
      "id": "71d9c3f4-9e36-4c47-ae9c-9ecadd4b73c4"
    },
    {
      "username": "justanothertest",
      "password": "666666",
      "usernameToLower": "justanothertest",
      "id": "beffe44d-5107-40d6-93ca-04c2db7e6e39",
      "authKey": "IeAE5ybr3oy8FdaT3BgnW0w-5rHJb@Si4L-D4ZeJ",
      "userMaterials": [
        {
          "id": "856e482c-7572-4ea7-ab9f-9108e61ce1eb",
          "title": "adassadasdsa",
          "category": "want-to-watch"
        }
      ]
    },
    {
      "username": "ranoutofnames",
      "password": "666666",
      "usernameToLower": "ranoutofnames",
      "id": "217c208b-9b65-4a28-a507-ef3669f4feab",
      "authKey": "DGGpabWLSnsuf7zbMCSOvLTf4Xulz1ocbEERKEA@"
    },
    {
      "username": "jkjkjk",
      "password": "666666",
      "usernameToLower": "jkjkjk",
      "id": "620aa5f8-eb1b-43d2-a813-4f20b0f9d9d7",
      "authKey": "LNx8TLZ-a0@JJCTvj)rxKRlAw@-zCYt5MybCUGbh",
      "userMaterials": [
        {
          "id": "856e482c-7572-4ea7-ab9f-9108e61ce1eb",
          "title": "adassadasdsa",
          "category": "watched"
        },
        {
          "id": "bde2acbc-0bc2-43d2-a46a-4d3deb0eb7b3",
          "title": "book #2",
          "category": "watching"
        },
        {
          "id": "49587003-5194-40da-8141-ef1d95e60b6b",
          "title": "testasdasd",
          "category": "watching"
        },
        {
          "id": "c042961f-0661-4381-9be9-5de824af2766",
          "title": "book #4",
          "category": "watched"
        },
        {
          "id": "669158cb-63d3-4237-b29f-e7448f65c87f",
          "title": "The The tHE...",
          "category": "want-to-watch"
        }
      ]
    }
  ],
  "materials": [
    {
      "title": "book #1",
      "description": "The name of the wind",
      "createdOn": "2016-09-28T12:50:13.612Z",
      "rating": 0,
      "comments": [],
      "user": {
        "id": "73a58989-5107-46e8-b781-4380f6c1c0b1",
        "username": "Doncho"
      },
      "id": "dd707118-fbb0-45e7-b95f-c4ee9c90a6c9"
    },
    {
      "title": "book #2",
      "description": "JavaScript: The good parts",
      "createdOn": "2016-09-28T12:50:13.679Z",
      "rating": 0,
      "comments": [
        {
          "text": "new",
          "user": {
            "id": "620aa5f8-eb1b-43d2-a813-4f20b0f9d9d7",
            "username": "jkjkjk"
          }
        }
      ],
      "user": {
        "id": "73a58989-5107-46e8-b781-4380f6c1c0b1",
        "username": "Doncho"
      },
      "id": "bde2acbc-0bc2-43d2-a46a-4d3deb0eb7b3"
    },
    {
      "title": "The The tHE...",
      "description": "description of book #$i",
      "createdOn": "2016-09-28T12:50:14.271Z",
      "rating": 0,
      "comments": [
        {
          "text": "sadasdsa",
          "user": {
            "id": "620aa5f8-eb1b-43d2-a813-4f20b0f9d9d7",
            "username": "jkjkjk"
          }
        }
      ],
      "user": {
        "id": "73a58989-5107-46e8-b781-4380f6c1c0b1",
        "username": "Doncho"
      },
      "id": "669158cb-63d3-4237-b29f-e7448f65c87f"
    },
    {
      "title": "book #4",
      "description": "description of book #$i",
      "createdOn": "2016-09-28T12:50:14.365Z",
      "rating": 0,
      "comments": [
        {
          "text": "dasdsad",
          "user": {
            "id": "620aa5f8-eb1b-43d2-a813-4f20b0f9d9d7",
            "username": "jkjkjk"
          }
        }
      ],
      "user": {
        "id": "73a58989-5107-46e8-b781-4380f6c1c0b1",
        "username": "The poet"
      },
      "id": "c042961f-0661-4381-9be9-5de824af2766"
    },
    {
      "title": "book #5",
      "description": "description of book #$i",
      "createdOn": "2016-09-28T12:50:14.406Z",
      "rating": 0,
      "comments": [],
      "user": {
        "id": "73a58989-5107-46e8-b781-4380f6c1c0b1",
        "username": "Doncho"
      },
      "id": "cec2f5a5-d79e-41f7-9b5b-fcc364f776f7"
    },
    {
      "title": "book #6",
      "description": "description of book #$i",
      "createdOn": "2016-09-28T12:50:14.992Z",
      "rating": 0,
      "comments": [],
      "user": {
        "id": "73a58989-5107-46e8-b781-4380f6c1c0b1",
        "username": "Doncho"
      },
      "id": "cb87a57d-8a7e-4ad6-8594-2b1c9a87cb84"
    },
    {
      "title": "book #7",
      "description": "description of book #$i",
      "createdOn": "2016-09-28T12:50:15.055Z",
      "rating": 0,
      "comments": [],
      "user": {
        "id": "73a58989-5107-46e8-b781-4380f6c1c0b1",
        "username": "Doncho"
      },
      "id": "55105362-00ab-4f8c-9d72-eea1d3a28fd3"
    },
    {
      "title": "book #8",
      "description": "description of book #$i",
      "createdOn": "2016-09-28T12:50:15.683Z",
      "rating": 0,
      "comments": [],
      "user": {
        "id": "73a58989-5107-46e8-b781-4380f6c1c0b1",
        "username": "Doncho"
      },
      "id": "15925669-ac41-4183-a84b-1bead97d7f49"
    },
    {
      "title": "book #9",
      "description": "description of book #$i",
      "createdOn": "2016-09-28T12:50:15.763Z",
      "rating": 0,
      "comments": [],
      "user": {
        "id": "73a58989-5107-46e8-b781-4380f6c1c0b1",
        "username": "Doncho"
      },
      "id": "4d7cc2dd-ef6c-4d26-939b-345ea9874a7f"
    },
    {
      "title": "book #10",
      "description": "description of book #$i",
      "createdOn": "2016-09-28T12:50:15.808Z",
      "rating": 0,
      "comments": [
        {
          "text": "new comment",
          "user": {
            "id": "22c9493b-f563-4f95-a0e5-ecf882809df3",
            "username": "anothertest"
          }
        }
      ],
      "user": {
        "id": "73a58989-5107-46e8-b781-4380f6c1c0b1",
        "username": "Doncho"
      },
      "id": "ffafd855-f6e8-480f-87f8-1ed61fb202fa"
    },
    {
      "title": "It works!",
      "description": "Should be ok",
      "createdOn": "2016-10-04T07:43:03.286Z",
      "rating": 0,
      "comments": [],
      "user": {
        "id": "73a58989-5107-46e8-b781-4380f6c1c0b1",
        "username": "Doncho"
      },
      "id": "47f3ae36-6dac-44ce-8684-5a73c9eb1611"
    },
    {
      "title": "It works!",
      "description": "",
      "createdOn": "2016-10-04T07:43:20.148Z",
      "rating": 0,
      "comments": [
        {
          "text": "asdasdsa",
          "user": {
            "id": "22c9493b-f563-4f95-a0e5-ecf882809df3",
            "username": "anothertest"
          }
        }
      ],
      "user": {
        "id": "73a58989-5107-46e8-b781-4380f6c1c0b1",
        "username": "Doncho"
      },
      "id": "17890fff-e311-4196-8346-0d8a57d81e02"
    },
    {
      "title": "It works",
      "description": "",
      "createdOn": "2016-10-04T07:43:29.803Z",
      "rating": 0,
      "comments": [
        {
          "text": "1234",
          "user": {
            "id": "73a58989-5107-46e8-b781-4380f6c1c0b1",
            "username": "Doncho"
          }
        },
        {
          "text": "123",
          "user": {
            "id": "73a58989-5107-46e8-b781-4380f6c1c0b1",
            "username": "Doncho"
          }
        },
        {
          "text": "sadasd",
          "user": {
            "id": "22c9493b-f563-4f95-a0e5-ecf882809df3",
            "username": "anothertest"
          }
        },
        {
          "text": "test",
          "user": {
            "id": "22c9493b-f563-4f95-a0e5-ecf882809df3",
            "username": "anothertest"
          }
        },
        {
          "text": "asdsada",
          "user": {
            "id": "22c9493b-f563-4f95-a0e5-ecf882809df3",
            "username": "anothertest"
          }
        }
      ],
      "user": {
        "id": "73a58989-5107-46e8-b781-4380f6c1c0b1",
        "username": "Doncho"
      },
      "id": "c4333e8b-cf11-44cb-bc44-bd9e7a5bf1dd"
    },
    {
      "title": "dsadas",
      "description": "dasasdas",
      "img": "asdasd",
      "createdOn": "2016-10-04T14:19:50.522Z",
      "rating": 0,
      "comments": [],
      "user": {
        "id": "22c9493b-f563-4f95-a0e5-ecf882809df3",
        "username": "anothertest"
      },
      "id": "2fdfcaae-10cc-498a-84ee-af32acb56cca"
    },
    {
      "title": "dsadas",
      "description": "dasasdas",
      "img": "",
      "createdOn": "2016-10-04T14:20:00.734Z",
      "rating": 0,
      "comments": [],
      "user": {
        "id": "22c9493b-f563-4f95-a0e5-ecf882809df3",
        "username": "anothertest"
      },
      "id": "81d4d421-2a6b-4e49-9e26-d80eb7245966"
    },
    {
      "title": "dsadas",
      "description": "dasasda",
      "img": "",
      "createdOn": "2016-10-04T14:20:03.434Z",
      "rating": 0,
      "comments": [],
      "user": {
        "id": "22c9493b-f563-4f95-a0e5-ecf882809df3",
        "username": "anothertest"
      },
      "id": "dd984756-d202-4753-a5b4-11e34b91c023"
    },
    {
      "title": "dsadas",
      "description": "da",
      "img": "",
      "createdOn": "2016-10-04T14:20:06.894Z",
      "rating": 0,
      "comments": [],
      "user": {
        "id": "22c9493b-f563-4f95-a0e5-ecf882809df3",
        "username": "anothertest"
      },
      "id": "6a7c783f-be9a-46a0-9e3a-36fc4871580b"
    },
    {
      "title": "dsadas",
      "description": "sadasdas",
      "img": "",
      "createdOn": "2016-10-04T14:20:11.477Z",
      "rating": 0,
      "comments": [
        {
          "text": "new comment",
          "user": {
            "id": "beffe44d-5107-40d6-93ca-04c2db7e6e39",
            "username": "justanothertest"
          }
        },
        {
          "text": "asdasd",
          "user": {
            "id": "beffe44d-5107-40d6-93ca-04c2db7e6e39",
            "username": "justanothertest"
          }
        }
      ],
      "user": {
        "id": "22c9493b-f563-4f95-a0e5-ecf882809df3",
        "username": "anothertest"
      },
      "id": "f0b1b579-e1d3-42c7-97d7-35cb5a11adae"
    },
    {
      "title": "testasdasd",
      "description": "testasdas",
      "img": "testasdas",
      "createdOn": "2016-10-04T14:31:39.664Z",
      "rating": 0,
      "comments": [],
      "user": {
        "id": "a9120805-6a3b-4adc-b796-f43b81c990bf",
        "username": "test123"
      },
      "id": "49587003-5194-40da-8141-ef1d95e60b6b"
    },
    {
      "title": "adassadasdsa",
      "description": "asdaasdasdas",
      "img": "asdasasdasd",
      "createdOn": "2016-10-04T14:46:03.346Z",
      "rating": 0,
      "comments": [
        {
          "text": "dsadsa",
          "user": {
            "id": "a9120805-6a3b-4adc-b796-f43b81c990bf",
            "username": "test123"
          }
        },
        {
          "text": "dasdsad",
          "user": {
            "id": "a9120805-6a3b-4adc-b796-f43b81c990bf",
            "username": "test123"
          }
        },
        {
          "text": "sdasdas",
          "user": {
            "id": "a9120805-6a3b-4adc-b796-f43b81c990bf",
            "username": "test123"
          }
        },
        {
          "text": "aasdasd",
          "user": {
            "id": "a9120805-6a3b-4adc-b796-f43b81c990bf",
            "username": "test123"
          }
        },
        {
          "text": "asdsadsadasdasdsadsadsadas",
          "user": {
            "id": "a9120805-6a3b-4adc-b796-f43b81c990bf",
            "username": "test123"
          }
        }
      ],
      "user": {
        "id": "beffe44d-5107-40d6-93ca-04c2db7e6e39",
        "username": "justanothertest"
      },
      "id": "856e482c-7572-4ea7-ab9f-9108e61ce1eb"
    },
    {
      "title": "aaaaaa",
      "description": "a",
      "img": "",
      "createdOn": "2016-10-04T14:52:43.976Z",
      "rating": 0,
      "comments": [
        {
          "text": "btw",
          "user": {
            "id": "620aa5f8-eb1b-43d2-a813-4f20b0f9d9d7",
            "username": "jkjkjk"
          }
        }
      ],
      "user": {
        "id": "a9120805-6a3b-4adc-b796-f43b81c990bf",
        "username": "test123"
      },
      "id": "71a518d9-80da-4922-993b-075b6a4431b7"
    },
    {
      "title": "asadasdas",
      "description": "s",
      "img": "",
      "createdOn": "2016-10-04T16:29:22.892Z",
      "rating": 0,
      "comments": [],
      "user": {
        "id": "620aa5f8-eb1b-43d2-a813-4f20b0f9d9d7",
        "username": "jkjkjk"
      },
      "id": "b2940f2a-1b41-4399-9c29-40badbfa0d26"
    }
  ]
}