<?xml version="1.0"?>
<superheroes xmlns:xsi="http://www.w3.org/2001/XMLSchema-instance" xmlns:xsd="http://www.w3.org/2001/XMLSchema">
  <superheroes>
    <superhero id="1">
      <name>Batman</name>
      <secretIdentity>Bruce Wayne</secretIdentity>
      <powers>
        <string>Utility belt</string>
        <string>Intelligence</string>
        <string>Martial arts</string>
      </powers>
      <alignment>Good</alignment>
      <city>Gotham</city>
    </superhero>
    <superhero id="2">
      <name>Nightwing</name>
      <secretIdentity>Dick Grayson</secretIdentity>
      <powers>
        <string>Martial arts</string>
        <string>Acrobatics</string>
      </powers>
      <alignment>Good</alignment>
      <city>Gotham</city>
    </superhero>
    <superhero id="3">
      <name>Ironman</name>
      <secretIdentity>Tonny Stark</secretIdentity>
      <powers>
        <string>Intelligence</string>
        <string>Big robot suit</string>
      </powers>
      <alignment>Good</alignment>
      <city>New York</city>
    </superhero>
    <superhero id="4">
      <name>Dr. Stephen Strange</name>
      <secretIdentity>Dr. Stephen Strange</secretIdentity>
      <powers>
        <string>Martial arts</string>
        <string>Magic</string>
        <string>Dimensional travel</string>
      </powers>
      <alignment>Good</alignment>
      <city>New York</city>
    </superhero>
    <superhero id="5">
      <name>The Joker</name>
      <secretIdentity>Unknown</secretIdentity>
      <powers>
        <string>Crazy</string>
        <string>Much evil</string>
      </powers>
      <alignment>Evil</alignment>
      <city>Gotham</city>
    </superhero>
    <superhero id="6">
      <name>Thanos</name>
      <secretIdentity>Thanos</secretIdentity>
      <powers>
        <string>Super strength</string>
        <string>Telekinesis</string>
        <string>Telepathy</string>
        <string>Matter manipulation</string>
      </powers>
      <alignment>Evil</alignment>
      <city>Unknown</city>
    </superhero>
    <superhero id="7">
      <name>Deadpool</name>
      <secretIdentity>Wade Wilson</secretIdentity>
      <powers>
        <string>Martial arts</string>
        <string>Healing</string>
      </powers>
      <alignment>Evil</alignment>
      <city>Detroit</city>
    </superhero>
    <superhero id="8">
      <name>Green Lantern</name>
      <secretIdentity>Hal Jordan</secretIdentity>
      <powers>
        <string>Powerful ring</string>
      </powers>
      <alignment>Good</alignment>
      <city>Unknown</city>
    </superhero>
    <superhero id="9">
      <name>Kilowog</name>
      <secretIdentity>Kilowog</secretIdentity>
      <powers>
        <string>Powerful ring</string>
      </powers>
      <alignment>Good</alignment>
      <city>Unknown</city>
    </superhero>
    <superhero id="10">
      <name>Ultraman</name>
      <secretIdentity>Clark Kent (Earth 2)</secretIdentity>
      <powers>
        <string>Super strength</string>
        <string>Transdimentional vision</string>
      </powers>
      <alignment>Evil</alignment>
      <city>Centropolis</city>
    </superhero>
    <superhero id="11">
      <name>Wolverine</name>
      <secretIdentity>James Howlett</secretIdentity>
      <powers>
        <string>Healing</string>
        <string>Mutant</string>
        <string>Metallic skeleton</string>
        <string>Strong</string>
        <string>Has claws</string>
      </powers>
      <alignment>Good</alignment>
      <city>Unknown</city>
    </superhero>
    <superhero id="12">
      <name>Professor X</name>
      <secretIdentity>Charles Francis Xavi</secretIdentity>
      <powers>
        <string>Mutant</string>
        <string>Telepathics</string>
      </powers>
      <alignment>Good</alignment>
      <city>New York</city>
    </superhero>
  </superheroes>
</superheroes>