<?xml version="1.0"?>
<superheroes xmlns:xsi="http://www.w3.org/2001/XMLSchema-instance" xmlns:xsd="http://www.w3.org/2001/XMLSchema">
  <superheroes>
    <superhero id="1">
      <name>Batman</name>
      <secretIdentity>Bruce Wayne</secretIdentity>
      <powers>
        <string>Utility belt</string>
        <string>Intelligence</string>
        <string>Martial arts</string>
      </powers>
      <alignment>Good</alignment>
      <city>Gotham</city>
    </superhero>
    <superhero id="2">
      <name>Nightwing</name>
      <secretIdentity>Dick Grayson</secretIdentity>
      <powers>
        <string>Martial arts</string>
        <string>Acrobatics</string>
      </powers>
      <alignment>Good</alignment>
      <city>Gotham</city>
    </superhero>
    <superhero id="4">
      <name>Dr. Stephen Strange</name>
      <secretIdentity>Dr. Stephen Strange</secretIdentity>
      <powers>
        <string>Martial arts</string>
        <string>Magic</string>
        <string>Dimensional travel</string>
      </powers>
      <alignment>Good</alignment>
      <city>New York</city>
    </superhero>
    <superhero id="7">
      <name>Deadpool</name>
      <secretIdentity>Wade Wilson</secretIdentity>
      <powers>
        <string>Martial arts</string>
        <string>Healing</string>
      </powers>
      <alignment>Evil</alignment>
      <city>Detroit</city>
    </superhero>
  </superheroes>
</superheroes>